year,month,day,log_consumption,inflation,scaled_leisure_pct,log_rdi,log_nonconsumption,effective_ffr,cci,log_consumption_1,inflation_1,scaled_leisure_pct_1,log_rdi_1,log_nonconsumption_1,effective_ffr_1,cci_1,log_consumption_2,inflation_2,scaled_leisure_pct_2,log_rdi_2,log_nonconsumption_2,effective_ffr_2,cci_2,log_consumption_3,inflation_3,scaled_leisure_pct_3,log_rdi_3,log_nonconsumption_3,effective_ffr_3,cci_3
1959,4,1,9.6633625,.35078916,.6556015,9.8103552,9.282711,3.0799999,101.65,,,,,,,,,,,,,,,,,,,,,
1959,7,1,9.6697969,.5764764,.65788293,9.8053999,9.2594881,3.5699999,101.69,9.6633625,.35078916,.6556015,9.8103552,9.282711,3.0799999,101.65,,,,,,,,,,,,,,
1959,10,1,9.6766024,.55506867,.65930676,9.8093634,9.25105,3.99,100.89,9.6697969,.5764764,.65788293,9.8053999,9.2594881,3.5699999,101.69,9.6633625,.35078916,.6556015,9.8103552,9.282711,3.0799999,101.65,,,,,,,
1960,1,1,9.6764879,.11737608,.66066939,9.8143959,9.2893419,3.9300001,101.43,9.6766024,.55506867,.65930676,9.8093634,9.25105,3.99,100.89,9.6697969,.5764764,.65788293,9.8053999,9.2594881,3.5699999,101.69,9.6633625,.35078916,.6556015,9.8103552,9.282711,3.0799999,101.65
1960,4,1,9.6846323,.63092339,.65745205,9.8178368,9.2605791,3.7,102.17,9.6764879,.11737608,.66066939,9.8143959,9.2893419,3.9300001,101.43,9.6766024,.55506867,.65930676,9.8093634,9.25105,3.99,100.89,9.6697969,.5764764,.65788293,9.8053999,9.2594881,3.5699999,101.69
1960,7,1,9.6786251,.42138597,.65832418,9.8164139,9.2679262,2.9400001,99.059998,9.6846323,.63092339,.65745205,9.8178368,9.2605791,3.7,102.17,9.6764879,.11737608,.66066939,9.8143959,9.2893419,3.9300001,101.43,9.6766024,.55506867,.65930676,9.8093634,9.25105,3.99,100.89
1960,10,1,9.6816463,.45707512,.66156054,9.8124838,9.2233419,2.3,98.330002,9.6786251,.42138597,.65832418,9.8164139,9.2679262,2.9400001,99.059998,9.6846323,.63092339,.65745205,9.8178368,9.2605791,3.7,102.17,9.6764879,.11737608,.66066939,9.8143959,9.2893419,3.9300001,101.43
1961,1,1,9.6865931,.13680632,.66404891,9.8185081,9.2236023,1.99,97,9.6816463,.45707512,.66156054,9.8124838,9.2233419,2.3,98.330002,9.6786251,.42138597,.65832418,9.8164139,9.2679262,2.9400001,99.059998,9.6846323,.63092339,.65745205,9.8178368,9.2605791,3.7,102.17
1961,4,1,9.6974516,-.084781811,.66598833,9.8304052,9.2456427,1.73,100.99,9.6865931,.13680632,.66404891,9.8185081,9.2236023,1.99,97,9.6816463,.45707512,.66156054,9.8124838,9.2233419,2.3,98.330002,9.6786251,.42138597,.65832418,9.8164139,9.2679262,2.9400001,99.059998
1961,7,1,9.6966677,.34273475,.66611207,9.8405304,9.2810917,1.6799999,104.92,9.6974516,-.084781811,.66598833,9.8304052,9.2456427,1.73,100.99,9.6865931,.13680632,.66404891,9.8185081,9.2236023,1.99,97,9.6816463,.45707512,.66156054,9.8124838,9.2233419,2.3,98.330002
1961,10,1,9.7111912,.11711413,.66362083,9.8580456,9.3055305,2.4000001,102.71,9.6966677,.34273475,.66611207,9.8405304,9.2810917,1.6799999,104.92,9.6974516,-.084781811,.66598833,9.8304052,9.2456427,1.73,100.99,9.6865931,.13680632,.66404891,9.8185081,9.2236023,1.99,97
1962,1,1,9.7186279,.43973657,.663261,9.8659859,9.3348999,2.46,102.68,9.7111912,.11711413,.66362083,9.8580456,9.3055305,2.4000001,102.71,9.6966677,.34273475,.66611207,9.8405304,9.2810917,1.6799999,104.92,9.6974516,-.084781811,.66598833,9.8304052,9.2456427,1.73,100.99
1962,4,1,9.7260733,.30793175,.66168237,9.8727751,9.341342,2.6099999,103.33,9.7186279,.43973657,.663261,9.8659859,9.3348999,2.46,102.68,9.7111912,.11711413,.66362083,9.8580456,9.3055305,2.4000001,102.71,9.6966677,.34273475,.66611207,9.8405304,9.2810917,1.6799999,104.92
1962,7,1,9.7298098,.25299942,.66183007,9.8733969,9.34797,2.8499999,100.17,9.7260733,.30793175,.66168237,9.8727751,9.341342,2.6099999,103.33,9.7186279,.43973657,.663261,9.8659859,9.3348999,2.46,102.68,9.7111912,.11711413,.66362083,9.8580456,9.3055305,2.4000001,102.71
1962,10,1,9.7343559,.3065294,.66496265,9.8765602,9.3369389,2.9200001,99.519997,9.7298098,.25299942,.66183007,9.8733969,9.34797,2.8499999,100.17,9.7260733,.30793175,.66168237,9.8727751,9.341342,2.6099999,103.33,9.7186279,.43973657,.663261,9.8659859,9.3348999,2.46,102.68
1963,1,1,9.7339373,.36263201,.66519183,9.8801994,9.3528366,2.97,102.7,9.7343559,.3065294,.66496265,9.8765602,9.3369389,2.9200001,99.519997,9.7298098,.25299942,.66183007,9.8733969,9.34797,2.8499999,100.17,9.7260733,.30793175,.66168237,9.8727751,9.341342,2.6099999,103.33
1963,4,1,9.738018,.024828212,.66329753,9.8851318,9.3680849,2.96,104.25,9.7339373,.36263201,.66519183,9.8801994,9.3528366,2.97,102.7,9.7343559,.3065294,.66496265,9.8765602,9.3369389,2.9200001,99.519997,9.7298098,.25299942,.66183007,9.8733969,9.34797,2.8499999,100.17
1963,7,1,9.7485027,.4303599,.66419804,9.8920088,9.39013,3.3299999,105.59,9.738018,.024828212,.66329753,9.8851318,9.3680849,2.96,104.25,9.7339373,.36263201,.66519183,9.8801994,9.3528366,2.97,102.7,9.7343559,.3065294,.66496265,9.8765602,9.3369389,2.9200001,99.519997
1963,10,1,9.7528696,.22225696,.66334379,9.9039831,9.3909025,3.45,107.46,9.7485027,.4303599,.66419804,9.8920088,9.39013,3.3299999,105.59,9.738018,.024828212,.66329753,9.8851318,9.3680849,2.96,104.25,9.7339373,.36263201,.66519183,9.8801994,9.3528366,2.97,102.7
1964,1,1,9.7649679,.52671945,.65937918,9.9192228,9.415369,3.46,109.49,9.7528696,.22225696,.66334379,9.9039831,9.3909025,3.45,107.46,9.7485027,.4303599,.66419804,9.8920088,9.39013,3.3299999,105.59,9.738018,.024828212,.66329753,9.8851318,9.3680849,2.96,104.25
1964,4,1,9.776475,.36082655,.65617871,9.9417315,9.4179554,3.49,106.76,9.7649679,.52671945,.65937918,9.9192228,9.415369,3.46,109.49,9.7528696,.22225696,.66334379,9.9039831,9.3909025,3.45,107.46,9.7485027,.4303599,.66419804,9.8920088,9.39013,3.3299999,105.59
1964,7,1,9.7872782,.44853082,.65813148,9.9502449,9.4248209,3.46,102.15,9.776475,.36082655,.65617871,9.9417315,9.4179554,3.49,106.76,9.7649679,.52671945,.65937918,9.9192228,9.415369,3.46,109.49,9.7528696,.22225696,.66334379,9.9039831,9.3909025,3.45,107.46
1964,10,1,9.7925978,.3133865,.65830201,9.9571428,9.4150143,3.5799999,105.83,9.7872782,.44853082,.65813148,9.9502449,9.4248209,3.46,102.15,9.776475,.36082655,.65617871,9.9417315,9.4179554,3.49,106.76,9.7649679,.52671945,.65937918,9.9192228,9.415369,3.46,109.49
1965,1,1,9.7992067,.35424593,.65513974,9.9646549,9.4546719,3.98,103.73,9.7925978,.3133865,.65830201,9.9571428,9.4150143,3.5799999,105.83,9.7872782,.44853082,.65813148,9.9502449,9.4248209,3.46,102.15,9.776475,.36082655,.65617871,9.9417315,9.4179554,3.49,106.76
1965,4,1,9.8084078,.59900528,.65397245,9.9718657,9.4646549,4.0799999,103.07,9.7992067,.35424593,.65513974,9.9646549,9.4546719,3.98,103.73,9.7925978,.3133865,.65830201,9.9571428,9.4150143,3.5799999,105.83,9.7872782,.44853082,.65813148,9.9502449,9.4248209,3.46,102.15
1965,7,1,9.8191347,.53618193,.65364814,9.9956045,9.4899273,4.0799999,99.260002,9.8084078,.59900528,.65397245,9.9718657,9.4646549,4.0799999,103.07,9.7992067,.35424593,.65513974,9.9646549,9.4546719,3.98,103.73,9.7925978,.3133865,.65830201,9.9571428,9.4150143,3.5799999,105.83
1965,10,1,9.8391638,.62051022,.6522646,10.012177,9.5098143,4.1700001,102.14,9.8191347,.53618193,.65364814,9.9956045,9.4899273,4.0799999,99.260002,9.8084078,.59900528,.65397245,9.9718657,9.4646549,4.0799999,103.07,9.7992067,.35424593,.65513974,9.9646549,9.4546719,3.98,103.73
1966,1,1,9.8457279,.92384714,.65089726,10.019353,9.5522003,4.5599999,105.37,9.8391638,.62051022,.6522646,10.012177,9.5098143,4.1700001,102.14,9.8191347,.53618193,.65364814,9.9956045,9.4899273,4.0799999,99.260002,9.8084078,.59900528,.65397245,9.9718657,9.4646549,4.0799999,103.07
1966,4,1,9.8532152,.88472044,.65068758,10.01913,9.5451002,4.9099998,106.86,9.8457279,.92384714,.65089726,10.019353,9.5522003,4.5599999,105.37,9.8391638,.62051022,.6522646,10.012177,9.5098143,4.1700001,102.14,9.8191347,.53618193,.65364814,9.9956045,9.4899273,4.0799999,99.260002
1966,7,1,9.8581448,.80959016,.65079093,10.028397,9.5484209,5.4099998,108.82,9.8532152,.88472044,.65068758,10.01913,9.5451002,4.9099998,106.86,9.8457279,.92384714,.65089726,10.019353,9.5522003,4.5599999,105.37,9.8391638,.62051022,.6522646,10.012177,9.5098143,4.1700001,102.14
1966,10,1,9.8614349,.67267162,.65056789,10.036945,9.5570536,5.5599999,105.17,9.8581448,.80959016,.65079093,10.028397,9.5484209,5.4099998,108.82,9.8532152,.88472044,.65068758,10.01913,9.5451002,4.9099998,106.86,9.8457279,.92384714,.65089726,10.019353,9.5522003,4.5599999,105.37
1967,1,1,9.8679848,.41488057,.65423262,10.048421,9.5618935,4.8200002,103.53,9.8614349,.67267162,.65056789,10.036945,9.5570536,5.5599999,105.17,9.8581448,.80959016,.65079093,10.028397,9.5484209,5.4099998,108.82,9.8532152,.88472044,.65068758,10.01913,9.5451002,4.9099998,106.86
1967,4,1,9.8731575,.44449577,.65585411,10.052498,9.5480213,3.99,100.8,9.8679848,.41488057,.65423262,10.048421,9.5618935,4.8200002,103.53,9.8614349,.67267162,.65056789,10.036945,9.5570536,5.5599999,105.17,9.8581448,.80959016,.65079093,10.028397,9.5484209,5.4099998,108.82
1967,7,1,9.8769875,.76374674,.65437186,10.056945,9.5514812,3.8900001,100.8,9.8731575,.44449577,.65585411,10.052498,9.5480213,3.99,100.8,9.8679848,.41488057,.65423262,10.048421,9.5618935,4.8200002,103.53,9.8614349,.67267162,.65056789,10.036945,9.5570536,5.5599999,105.17
1967,10,1,9.8795023,.77260715,.65392852,10.059637,9.5563126,4.1700001,100,9.8769875,.76374674,.65437186,10.056945,9.5514812,3.8900001,100.8,9.8731575,.44449577,.65585411,10.052498,9.5480213,3.99,100.8,9.8679848,.41488057,.65423262,10.048421,9.5618935,4.8200002,103.53
1968,1,1,9.8922834,1.1791413,.65690517,10.072675,9.5772429,4.79,99.599998,9.8795023,.77260715,.65392852,10.059637,9.5563126,4.1700001,100,9.8769875,.76374674,.65437186,10.056945,9.5514812,3.8900001,100.8,9.8731575,.44449577,.65585411,10.052498,9.5480213,3.99,100.8
1968,4,1,9.9033165,1.0270011,.65327489,10.085844,9.5937862,5.98,100.5,9.8922834,1.1791413,.65690517,10.072675,9.5772429,4.79,99.599998,9.8795023,.77260715,.65392852,10.059637,9.5563126,4.1700001,100,9.8769875,.76374674,.65437186,10.056945,9.5514812,3.8900001,100.8
1968,7,1,9.9129562,1.0793519,.65451264,10.084201,9.5879049,5.9499998,97.099998,9.9033165,1.0270011,.65327489,10.085844,9.5937862,5.98,100.5,9.8922834,1.1791413,.65690517,10.072675,9.5772429,4.79,99.599998,9.8795023,.77260715,.65392852,10.059637,9.5563126,4.1700001,100
1968,10,1,9.9156694,1.0530856,.65558028,10.086242,9.5833921,5.9200001,96.900002,9.9129562,1.0793519,.65451264,10.084201,9.5879049,5.9499998,97.099998,9.9033165,1.0270011,.65327489,10.085844,9.5937862,5.98,100.5,9.8922834,1.1791413,.65690517,10.072675,9.5772429,4.79,99.599998
1969,1,1,9.9207602,1.0727123,.65462524,10.083801,9.6024647,6.5700002,100.8,9.9156694,1.0530856,.65558028,10.086242,9.5833921,5.9200001,96.900002,9.9129562,1.0793519,.65451264,10.084201,9.5879049,5.9499998,97.099998,9.9033165,1.0270011,.65327489,10.085844,9.5937862,5.98,100.5
1969,4,1,9.9256716,1.2681321,.65451944,10.090685,9.5936031,8.3299999,101.6,9.9207602,1.0727123,.65462524,10.083801,9.6024647,6.5700002,100.8,9.9156694,1.0530856,.65558028,10.086242,9.5833921,5.9200001,96.900002,9.9129562,1.0793519,.65451264,10.084201,9.5879049,5.9499998,97.099998
1969,7,1,9.9279604,1.3282152,.6540525,10.107345,9.5950994,8.9799995,102.3,9.9256716,1.2681321,.65451944,10.090685,9.5936031,8.3299999,101.6,9.9207602,1.0727123,.65462524,10.083801,9.6024647,6.5700002,100.8,9.9156694,1.0530856,.65558028,10.086242,9.5833921,5.9200001,96.900002
1969,10,1,9.9336681,1.1757128,.6554085,10.110329,9.5647078,8.9399996,103.1,9.9279604,1.3282152,.6540525,10.107345,9.5950994,8.9799995,102.3,9.9256716,1.2681321,.65451944,10.090685,9.5936031,8.3299999,101.6,9.9207602,1.0727123,.65462524,10.083801,9.6024647,6.5700002,100.8
1970,1,1,9.9384623,1.312286,.65807271,10.114866,9.5405054,8.5600004,103.9,9.9336681,1.1757128,.6554085,10.110329,9.5647078,8.9399996,103.1,9.9279604,1.3282152,.6540525,10.107345,9.5950994,8.9799995,102.3,9.9256716,1.2681321,.65451944,10.090685,9.5936031,8.3299999,101.6
1970,4,1,9.9372406,1.160207,.66224205,10.121224,9.5334406,7.8800001,101.1,9.9384623,1.312286,.65807271,10.114866,9.5405054,8.5600004,103.9,9.9336681,1.1757128,.6554085,10.110329,9.5647078,8.9399996,103.1,9.9279604,1.3282152,.6540525,10.107345,9.5950994,8.9799995,102.3
1970,7,1,9.9415359,.95889693,.66617584,10.131074,9.5348377,6.71,101.9,9.9372406,1.160207,.66224205,10.121224,9.5334406,7.8800001,101.1,9.9384623,1.312286,.65807271,10.114866,9.5405054,8.5600004,103.9,9.9336681,1.1757128,.6554085,10.110329,9.5647078,8.9399996,103.1
1970,10,1,9.9428339,1.2934594,.6682083,10.122688,9.4918442,5.5700002,105,9.9415359,.95889693,.66617584,10.131074,9.5348377,6.71,101.9,9.9372406,1.160207,.66224205,10.121224,9.5334406,7.8800001,101.1,9.9384623,1.312286,.65807271,10.114866,9.5405054,8.5600004,103.9
1971,1,1,9.9432335,.8204211,.66989577,10.136978,9.5439548,3.8599999,102.5,9.9428339,1.2934594,.6682083,10.122688,9.4918442,5.5700002,105,9.9415359,.95889693,.66617584,10.131074,9.5348377,6.71,101.9,9.9372406,1.160207,.66224205,10.121224,9.5334406,7.8800001,101.1
1971,4,1,9.945117,1.1318403,.67060256,10.145763,9.5411482,4.5700002,102.1,9.9432335,.8204211,.66989577,10.136978,9.5439548,3.8599999,102.5,9.9428339,1.2934594,.6682083,10.122688,9.4918442,5.5700002,105,9.9415359,.95889693,.66617584,10.131074,9.5348377,6.71,101.9
1971,7,1,9.9453478,1.0951886,.67058575,10.145547,9.5464239,5.48,102,9.945117,1.1318403,.67060256,10.145763,9.5411482,4.5700002,102.1,9.9432335,.8204211,.66989577,10.136978,9.5439548,3.8599999,102.5,9.9428339,1.2934594,.6682083,10.122688,9.4918442,5.5700002,105
1971,10,1,9.9525127,.75175017,.66882515,10.151482,9.5287132,4.75,96.800003,9.9453478,1.0951886,.67058575,10.145547,9.5464239,5.48,102,9.945117,1.1318403,.67060256,10.145763,9.5411482,4.5700002,102.1,9.9432335,.8204211,.66989577,10.136978,9.5439548,3.8599999,102.5
1972,1,1,9.9537668,.96428084,.66789484,10.144779,9.5432024,3.55,103.4,9.9525127,.75175017,.66882515,10.151482,9.5287132,4.75,96.800003,9.9453478,1.0951886,.67058575,10.145547,9.5464239,5.48,102,9.945117,1.1318403,.67060256,10.145763,9.5411482,4.5700002,102.1
1972,4,1,9.9651728,.70430583,.66679966,10.149687,9.5701542,4.3000002,106.6,9.9537668,.96428084,.66789484,10.144779,9.5432024,3.55,103.4,9.9525127,.75175017,.66882515,10.151482,9.5287132,4.75,96.800003,9.9453478,1.0951886,.67058575,10.145547,9.5464239,5.48,102
1972,7,1,9.973403,.94766772,.66707289,10.163427,9.5675259,4.7399998,109,9.9651728,.70430583,.66679966,10.149687,9.5701542,4.3000002,106.6,9.9537668,.96428084,.66789484,10.144779,9.5432024,3.55,103.4,9.9525127,.75175017,.66882515,10.151482,9.5287132,4.75,96.800003
1972,10,1,9.9866676,1.0360978,.66634572,10.197554,9.5768557,5.1500001,121.9,9.973403,.94766772,.66707289,10.163427,9.5675259,4.7399998,109,9.9651728,.70430583,.66679966,10.149687,9.5701542,4.3000002,106.6,9.9537668,.96428084,.66789484,10.144779,9.5432024,3.55,103.4
1973,1,1,9.9921598,1.2815027,.66494632,10.199492,9.6162977,6.54,135.89999,9.9866676,1.0360978,.66634572,10.197554,9.5768557,5.1500001,121.9,9.973403,.94766772,.66707289,10.163427,9.5675259,4.7399998,109,9.9651728,.70430583,.66679966,10.149687,9.5701542,4.3000002,106.6
1973,4,1,9.9902277,1.9821424,.66334873,10.202269,9.6339998,7.8200002,144.5,9.9921598,1.2815027,.66494632,10.199492,9.6162977,6.54,135.89999,9.9866676,1.0360978,.66634572,10.197554,9.5768557,5.1500001,121.9,9.973403,.94766772,.66707289,10.163427,9.5675259,4.7399998,109
1973,7,1,9.9911156,2.0200946,.66275424,10.201454,9.6067591,10.56,177,9.9902277,1.9821424,.66334873,10.202269,9.6339998,7.8200002,144.5,9.9921598,1.2815027,.66494632,10.199492,9.6162977,6.54,135.89999,9.9866676,1.0360978,.66634572,10.197554,9.5768557,5.1500001,121.9
1973,10,1,9.987462,2.2561533,.66199529,10.207333,9.6224356,10,194.3,9.9911156,2.0200946,.66275424,10.201454,9.6067591,10.56,177,9.9902277,1.9821424,.66334873,10.202269,9.6339998,7.8200002,144.5,9.9921598,1.2815027,.66494632,10.199492,9.6162977,6.54,135.89999
1974,1,1,9.9772091,3.1278884,.66442698,10.185595,9.6043329,9.3299999,200.60001,9.987462,2.2561533,.66199529,10.207333,9.6224356,10,194.3,9.9911156,2.0200946,.66275424,10.201454,9.6067591,10.56,177,9.9902277,1.9821424,.66334873,10.202269,9.6339998,7.8200002,144.5
1974,4,1,9.9769354,2.6620524,.66654408,10.171124,9.5986834,11.25,208.89999,9.9772091,3.1278884,.66442698,10.185595,9.6043329,9.3299999,200.60001,9.987462,2.2561533,.66199529,10.207333,9.6224356,10,194.3,9.9911156,2.0200946,.66275424,10.201454,9.6067591,10.56,177
1974,7,1,9.976038,2.4655488,.66865146,10.167066,9.5634079,12.1,197.60001,9.9769354,2.6620524,.66654408,10.171124,9.5986834,11.25,208.89999,9.9772091,3.1278884,.66442698,10.185595,9.6043329,9.3299999,200.60001,9.987462,2.2561533,.66199529,10.207333,9.6224356,10,194.3
1974,10,1,9.9727287,2.1235716,.6737209,10.160835,9.5457172,9.3400002,226.8,9.976038,2.4655488,.66865146,10.167066,9.5634079,12.1,197.60001,9.9769354,2.6620524,.66654408,10.171124,9.5986834,11.25,208.89999,9.9772091,3.1278884,.66442698,10.185595,9.6043329,9.3299999,200.60001
1975,1,1,9.9749889,1.8477807,.68261373,10.154357,9.4984703,6.3099999,203.89999,9.9727287,2.1235716,.6737209,10.160835,9.5457172,9.3400002,226.8,9.976038,2.4655488,.66865146,10.167066,9.5634079,12.1,197.60001,9.9769354,2.6620524,.66654408,10.171124,9.5986834,11.25,208.89999
1975,4,1,9.9854527,1.2249478,.68470114,10.19499,9.4891787,5.4200001,192.2,9.9749889,1.8477807,.68261373,10.154357,9.4984703,6.3099999,203.89999,9.9727287,2.1235716,.6737209,10.160835,9.5457172,9.3400002,226.8,9.976038,2.4655488,.66865146,10.167066,9.5634079,12.1,197.60001
1975,7,1,9.9860554,2.020153,.682971,10.174664,9.5162554,6.1599998,185,9.9854527,1.2249478,.68470114,10.19499,9.4891787,5.4200001,192.2,9.9749889,1.8477807,.68261373,10.154357,9.4984703,6.3099999,203.89999,9.9727287,2.1235716,.6737209,10.160835,9.5457172,9.3400002,226.8
1975,10,1,9.9902983,1.5460287,.68130511,10.177364,9.5314636,5.4099998,210.39999,9.9860554,2.020153,.682971,10.174664,9.5162554,6.1599998,185,9.9854527,1.2249478,.68470114,10.19499,9.4891787,5.4200001,192.2,9.9749889,1.8477807,.68261373,10.154357,9.4984703,6.3099999,203.89999
1976,1,1,9.9996138,1.1305909,.67795545,10.18427,9.5619135,4.8299999,191,9.9902983,1.5460287,.68130511,10.177364,9.5314636,5.4099998,210.39999,9.9860554,2.020153,.682971,10.174664,9.5162554,6.1599998,185,9.9854527,1.2249478,.68470114,10.19499,9.4891787,5.4200001,192.2
1976,4,1,10.004277,.8697958,.67793727,10.184946,9.5624084,5.1999998,195.3,9.9996138,1.1305909,.67795545,10.18427,9.5619135,4.8299999,191,9.9902983,1.5460287,.68130511,10.177364,9.5314636,5.4099998,210.39999,9.9860554,2.020153,.682971,10.174664,9.5162554,6.1599998,185
1976,7,1,10.010287,1.5119709,.67796218,10.187461,9.5536308,5.2800002,219.3,10.004277,.8697958,.67793727,10.184946,9.5624084,5.1999998,195.3,9.9996138,1.1305909,.67795545,10.18427,9.5619135,4.8299999,191,9.9902983,1.5460287,.68130511,10.177364,9.5314636,5.4099998,210.39999
1976,10,1,10.018663,1.5140492,.67866004,10.188976,9.5482073,4.8699999,199.2,10.010287,1.5119709,.67796218,10.187461,9.5536308,5.2800002,219.3,10.004277,.8697958,.67793727,10.184946,9.5624084,5.1999998,195.3,9.9996138,1.1305909,.67795545,10.18427,9.5619135,4.8299999,191
1977,1,1,10.022489,1.7938168,.67796457,10.184293,9.5607729,4.6599998,204.7,10.018663,1.5140492,.67866004,10.188976,9.5482073,4.8699999,199.2,10.010287,1.5119709,.67796218,10.187461,9.5536308,5.2800002,219.3,10.004277,.8697958,.67793727,10.184946,9.5624084,5.1999998,195.3
1977,4,1,10.020526,1.8738158,.67402351,10.191992,9.6014938,5.1599998,222.2,10.022489,1.7938168,.67796457,10.184293,9.5607729,4.6599998,204.7,10.018663,1.5140492,.67866004,10.188976,9.5482073,4.8699999,199.2,10.010287,1.5119709,.67796218,10.187461,9.5536308,5.2800002,219.3
1977,7,1,10.02473,1.5293475,.67360866,10.202288,9.6268377,5.8200002,209.60001,10.020526,1.8738158,.67402351,10.191992,9.6014938,5.1599998,222.2,10.022489,1.7938168,.67796457,10.184293,9.5607729,4.6599998,204.7,10.018663,1.5140492,.67866004,10.188976,9.5482073,4.8699999,199.2
1977,10,1,10.033212,1.5418264,.67128873,10.21699,9.6031046,6.5100002,191.60001,10.02473,1.5293475,.67360866,10.202288,9.6268377,5.8200002,209.60001,10.020526,1.8738158,.67402351,10.191992,9.6014938,5.1599998,222.2,10.022489,1.7938168,.67796457,10.184293,9.5607729,4.6599998,204.7
1978,1,1,10.041337,1.5919374,.67201078,10.219724,9.5883741,6.7600002,200.3,10.033212,1.5418264,.67128873,10.21699,9.6031046,6.5100002,191.60001,10.02473,1.5293475,.67360866,10.202288,9.6268377,5.8200002,209.60001,10.020526,1.8738158,.67402351,10.191992,9.6014938,5.1599998,222.2
1978,4,1,10.049807,2.0708539,.6661849,10.225237,9.6608267,7.2800002,216.3,10.041337,1.5919374,.67201078,10.219724,9.5883741,6.7600002,200.3,10.033212,1.5418264,.67128873,10.21699,9.6031046,6.5100002,191.60001,10.02473,1.5293475,.67360866,10.202288,9.6268377,5.8200002,209.60001
1978,7,1,10.052527,1.7744483,.66616035,10.227865,9.6695766,8.0900002,211.60001,10.049807,2.0708539,.6661849,10.225237,9.6608267,7.2800002,216.3,10.041337,1.5919374,.67201078,10.219724,9.5883741,6.7600002,200.3,10.033212,1.5418264,.67128873,10.21699,9.6031046,6.5100002,191.60001
1978,10,1,10.055235,1.9586957,.66432357,10.231054,9.6868935,9.5799999,223.2,10.052527,1.7744483,.66616035,10.227865,9.6695766,8.0900002,211.60001,10.049807,2.0708539,.6661849,10.225237,9.6608267,7.2800002,216.3,10.041337,1.5919374,.67201078,10.219724,9.5883741,6.7600002,200.3
1979,1,1,10.059234,1.8546382,.66472942,10.237149,9.6749382,10.07,227.60001,10.055235,1.9586957,.66432357,10.231054,9.6868935,9.5799999,223.2,10.052527,1.7744483,.66616035,10.227865,9.6695766,8.0900002,211.60001,10.049807,2.0708539,.6661849,10.225237,9.6608267,7.2800002,216.3
1979,4,1,10.058906,2.7820165,.66744518,10.224262,9.6679993,10.18,238.2,10.059234,1.8546382,.66472942,10.237149,9.6749382,10.07,227.60001,10.055235,1.9586957,.66432357,10.231054,9.6868935,9.5799999,223.2,10.052527,1.7744483,.66616035,10.227865,9.6695766,8.0900002,211.60001
1979,7,1,10.060513,2.7227542,.66609955,10.224403,9.6720304,10.94,255.3,10.058906,2.7820165,.66744518,10.224262,9.6679993,10.18,238.2,10.059234,1.8546382,.66472942,10.237149,9.6749382,10.07,227.60001,10.055235,1.9586957,.66432357,10.231054,9.6868935,9.5799999,223.2
1979,10,1,10.063032,2.4572792,.6657297,10.223645,9.661891,13.58,275.10001,10.060513,2.7227542,.66609955,10.224403,9.6720304,10.94,255.3,10.058906,2.7820165,.66744518,10.224262,9.6679993,10.18,238.2,10.059234,1.8546382,.66472942,10.237149,9.6749382,10.07,227.60001
1980,1,1,10.059702,2.9378903,.66804683,10.222779,9.6643143,15.07,281.5,10.063032,2.4572792,.6657297,10.223645,9.661891,13.58,275.10001,10.060513,2.7227542,.66609955,10.224403,9.6720304,10.94,255.3,10.058906,2.7820165,.66744518,10.224262,9.6679993,10.18,238.2
1980,4,1,10.047345,2.3654172,.67492187,10.204226,9.621748,12.67,258,10.059702,2.9378903,.66804683,10.222779,9.6643143,15.07,281.5,10.063032,2.4572792,.6657297,10.223645,9.661891,13.58,275.10001,10.060513,2.7227542,.66609955,10.224403,9.6720304,10.94,255.3
1980,7,1,10.050474,2.2539737,.67713261,10.212214,9.6024866,9.8199997,286.39999,10.047345,2.3654172,.67492187,10.204226,9.621748,12.67,258,10.059702,2.9378903,.66804683,10.222779,9.6643143,15.07,281.5,10.063032,2.4572792,.6657297,10.223645,9.661891,13.58,275.10001
1980,10,1,10.058668,2.4510095,.67486024,10.228176,9.6277962,15.85,319.39999,10.050474,2.2539737,.67713261,10.212214,9.6024866,9.8199997,286.39999,10.047345,2.3654172,.67492187,10.204226,9.621748,12.67,258,10.059702,2.9378903,.66804683,10.222779,9.6643143,15.07,281.5
1981,1,1,10.056066,2.7258632,.67344666,10.222034,9.6742811,16.6,308.5,10.058668,2.4510095,.67486024,10.228176,9.6277962,15.85,319.39999,10.050474,2.2539737,.67713261,10.212214,9.6024866,9.8199997,286.39999,10.047345,2.3654172,.67492187,10.204226,9.621748,12.67,258
1981,4,1,10.05855,1.6054995,.67377925,10.218506,9.6441479,17.790001,298.39999,10.056066,2.7258632,.67344666,10.222034,9.6742811,16.6,308.5,10.058668,2.4510095,.67486024,10.228176,9.6277962,15.85,319.39999,10.050474,2.2539737,.67713261,10.212214,9.6024866,9.8199997,286.39999
1981,7,1,10.055136,1.6723559,.67716563,10.235388,9.6692381,17.59,263.89999,10.05855,1.6054995,.67377925,10.218506,9.6441479,17.790001,298.39999,10.056066,2.7258632,.67344666,10.222034,9.6742811,16.6,308.5,10.058668,2.4510095,.67486024,10.228176,9.6277962,15.85,319.39999
1981,10,1,10.053493,1.566087,.67949307,10.233964,9.6339693,13.59,268.60001,10.055136,1.6723559,.67716563,10.235388,9.6692381,17.59,263.89999,10.05855,1.6054995,.67377925,10.218506,9.6441479,17.790001,298.39999,10.056066,2.7258632,.67344666,10.222034,9.6742811,16.6,308.5
1982,1,1,10.053898,1.3001785,.68380487,10.232201,9.582552,14.21,254.89999,10.053493,1.566087,.67949307,10.233964,9.6339693,13.59,268.60001,10.055136,1.6723559,.67716563,10.235388,9.6692381,17.59,263.89999,10.05855,1.6054995,.67377925,10.218506,9.6441479,17.790001,298.39999
1982,4,1,10.055188,.90358871,.68299687,10.23491,9.5866947,14.51,250.10001,10.053898,1.3001785,.68380487,10.232201,9.582552,14.21,254.89999,10.053493,1.566087,.67949307,10.233964,9.6339693,13.59,268.60001,10.055136,1.6723559,.67716563,10.235388,9.6692381,17.59,263.89999
1982,7,1,10.060301,1.6941353,.68460655,10.237345,9.5613003,11.01,239.3,10.055188,.90358871,.68299687,10.23491,9.5866947,14.51,250.10001,10.053898,1.3001785,.68380487,10.232201,9.582552,14.21,254.89999,10.053493,1.566087,.67949307,10.233964,9.6339693,13.59,268.60001
1982,10,1,10.072082,1.1774094,.68698102,10.238806,9.5360231,9.2799997,227.89999,10.060301,1.6941353,.68460655,10.237345,9.5613003,11.01,239.3,10.055188,.90358871,.68299687,10.23491,9.5866947,14.51,250.10001,10.053898,1.3001785,.68380487,10.232201,9.582552,14.21,254.89999
1983,1,1,10.079648,.82188725,.68707407,10.244716,9.5511513,8.6599998,234,10.072082,1.1774094,.68698102,10.238806,9.5360231,9.2799997,227.89999,10.060301,1.6941353,.68460655,10.237345,9.5613003,11.01,239.3,10.055188,.90358871,.68299687,10.23491,9.5866947,14.51,250.10001
1983,4,1,10.089375,.99027544,.68431282,10.249177,9.5882387,8.8000002,242.10001,10.079648,.82188725,.68707407,10.244716,9.5511513,8.6599998,234,10.072082,1.1774094,.68698102,10.238806,9.5360231,9.2799997,227.89999,10.060301,1.6941353,.68460655,10.237345,9.5613003,11.01,239.3
1983,7,1,10.10085,1.4296253,.67828655,10.261334,9.6131506,9.46,246.2,10.089375,.99027544,.68431282,10.249177,9.5882387,8.8000002,242.10001,10.079648,.82188725,.68707407,10.244716,9.5511513,8.6599998,234,10.072082,1.1774094,.68698102,10.238806,9.5360231,9.2799997,227.89999
1983,10,1,10.108582,.68049824,.67590147,10.27978,9.6464701,9.4300003,273.5,10.10085,1.4296253,.67828655,10.261334,9.6131506,9.46,246.2,10.089375,.99027544,.68431282,10.249177,9.5882387,8.8000002,242.10001,10.079648,.82188725,.68707407,10.244716,9.5511513,8.6599998,234
1984,1,1,10.108556,1.2259252,.67261028,10.295856,9.6861725,9.6899996,277.60001,10.108582,.68049824,.67590147,10.27978,9.6464701,9.4300003,273.5,10.10085,1.4296253,.67828655,10.261334,9.6131506,9.46,246.2,10.089375,.99027544,.68431282,10.249177,9.5882387,8.8000002,242.10001
1984,4,1,10.118036,1.0956366,.66869724,10.309813,9.7092228,10.55,283,10.108556,1.2259252,.67261028,10.295856,9.6861725,9.6899996,277.60001,10.108582,.68049824,.67590147,10.27978,9.6464701,9.4300003,273.5,10.10085,1.4296253,.67828655,10.261334,9.6131506,9.46,246.2
1984,7,1,10.124891,.79432321,.66928899,10.320765,9.716754,11.39,271,10.118036,1.0956366,.66869724,10.309813,9.7092228,10.55,283,10.108556,1.2259252,.67261028,10.295856,9.6861725,9.6899996,277.60001,10.108582,.68049824,.67590147,10.27978,9.6464701,9.4300003,273.5
1984,10,1,10.13222,.66632468,.66904032,10.325921,9.7180099,9.2600002,251.39999,10.124891,.79432321,.66928899,10.320765,9.716754,11.39,271,10.118036,1.0956366,.66869724,10.309813,9.7092228,10.55,283,10.108556,1.2259252,.67261028,10.295856,9.6861725,9.6899996,277.60001
1985,1,1,10.144726,1.2372998,.66770518,10.321332,9.7183762,8.4799995,244.2,10.13222,.66632468,.66904032,10.325921,9.7180099,9.2600002,251.39999,10.124891,.79432321,.66928899,10.320765,9.716754,11.39,271,10.118036,1.0956366,.66869724,10.309813,9.7092228,10.55,283
1985,4,1,10.151371,.92987072,.66743016,10.338015,9.7252312,7.9200001,245.10001,10.144726,1.2372998,.66770518,10.321332,9.7183762,8.4799995,244.2,10.13222,.66632468,.66904032,10.325921,9.7180099,9.2600002,251.39999,10.124891,.79432321,.66928899,10.320765,9.716754,11.39,271
1985,7,1,10.160972,.92457944,.66756785,10.33204,9.7429504,7.9000001,226.5,10.151371,.92987072,.66743016,10.338015,9.7252312,7.9200001,245.10001,10.144726,1.2372998,.66770518,10.321332,9.7183762,8.4799995,244.2,10.13222,.66632468,.66904032,10.325921,9.7180099,9.2600002,251.39999
1985,10,1,10.166723,.75851762,.66654092,10.340503,9.745594,8.1000004,223.2,10.160972,.92457944,.66756785,10.33204,9.7429504,7.9000001,226.5,10.151371,.92987072,.66743016,10.338015,9.7252312,7.9200001,245.10001,10.144726,1.2372998,.66770518,10.321332,9.7183762,8.4799995,244.2
1986,1,1,10.167936,.87035125,.66673583,10.34797,9.7545738,7.8299999,229.37,10.166723,.75851762,.66654092,10.340503,9.745594,8.1000004,223.2,10.160972,.92457944,.66756785,10.33204,9.7429504,7.9000001,226.5,10.151371,.92987072,.66743016,10.338015,9.7252312,7.9200001,245.10001
1986,4,1,10.172357,-.20713189,.66804135,10.35841,9.7524643,6.9200001,209.27,10.167936,.87035125,.66673583,10.34797,9.7545738,7.8299999,229.37,10.166723,.75851762,.66654092,10.340503,9.745594,8.1000004,223.2,10.160972,.92457944,.66756785,10.33204,9.7429504,7.9000001,226.5
1986,7,1,10.176672,.43307805,.66788024,10.362605,9.7639465,6.21,201.57001,10.172357,-.20713189,.66804135,10.35841,9.7524643,6.9200001,209.27,10.167936,.87035125,.66673583,10.34797,9.7545738,7.8299999,229.37,10.166723,.75851762,.66654092,10.340503,9.745594,8.1000004,223.2
1986,10,1,10.184206,.58755779,.66689932,10.361482,9.7581415,6.27,210.92,10.176672,.43307805,.66788024,10.362605,9.7639465,6.21,201.57001,10.172357,-.20713189,.66804135,10.35841,9.7524643,6.9200001,209.27,10.167936,.87035125,.66673583,10.34797,9.7545738,7.8299999,229.37
1987,1,1,10.191676,1.0500422,.66415644,10.366179,9.7554493,6.2199998,209.07001,10.184206,.58755779,.66689932,10.361482,9.7581415,6.27,210.92,10.176672,.43307805,.66788024,10.362605,9.7639465,6.21,201.57001,10.172357,-.20713189,.66804135,10.35841,9.7524643,6.9200001,209.27
1987,4,1,10.198326,.96215564,.6629777,10.353542,9.7662363,6.6500001,208.7,10.191676,1.0500422,.66415644,10.366179,9.7554493,6.2199998,209.07001,10.184206,.58755779,.66689932,10.361482,9.7581415,6.27,210.92,10.176672,.43307805,.66788024,10.362605,9.7639465,6.21,201.57001
1987,7,1,10.202589,.93935418,.66147566,10.368885,9.7758017,6.8400002,225.87,10.198326,.96215564,.6629777,10.353542,9.7662363,6.6500001,208.7,10.191676,1.0500422,.66415644,10.366179,9.7554493,6.2199998,209.07001,10.184206,.58755779,.66689932,10.361482,9.7581415,6.27,210.92
1987,10,1,10.207524,.91881537,.65974951,10.379699,9.8033085,6.9200001,223.83,10.202589,.93935418,.66147566,10.368885,9.7758017,6.8400002,225.87,10.198326,.96215564,.6629777,10.353542,9.7662363,6.6500001,208.7,10.191676,1.0500422,.66415644,10.366179,9.7554493,6.2199998,209.07001
1988,1,1,10.21777,.919406,.66124445,10.391463,9.7950678,6.6700001,232.53,10.207524,.91881537,.65974951,10.379699,9.8033085,6.9200001,223.83,10.202589,.93935418,.66147566,10.368885,9.7758017,6.8400002,225.87,10.198326,.96215564,.6629777,10.353542,9.7662363,6.6500001,208.7
1988,4,1,10.223998,1.185762,.65924764,10.399381,9.8128929,7.1500001,232.99001,10.21777,.919406,.66124445,10.391463,9.7950678,6.6700001,232.53,10.207524,.91881537,.65974951,10.379699,9.8033085,6.9200001,223.83,10.202589,.93935418,.66147566,10.368885,9.7758017,6.8400002,225.87
1988,7,1,10.233874,1.2821853,.65870458,10.406519,9.806221,7.98,265.07001,10.223998,1.185762,.65924764,10.399381,9.8128929,7.1500001,232.99001,10.21777,.919406,.66124445,10.391463,9.7950678,6.6700001,232.53,10.207524,.91881537,.65974951,10.379699,9.8033085,6.9200001,223.83
1988,10,1,10.240641,1.0447572,.65634859,10.413908,9.8234968,8.4700003,238.75,10.233874,1.2821853,.65870458,10.406519,9.806221,7.98,265.07001,10.223998,1.185762,.65924764,10.399381,9.8128929,7.1500001,232.99001,10.21777,.919406,.66124445,10.391463,9.7950678,6.6700001,232.53
1989,1,1,10.243974,1.2076948,.65413475,10.423374,9.8366213,9.4499998,251.83,10.240641,1.0447572,.65634859,10.413908,9.8234968,8.4700003,238.75,10.233874,1.2821853,.65870458,10.406519,9.806221,7.98,265.07001,10.223998,1.185762,.65924764,10.399381,9.8128929,7.1500001,232.99001
1989,4,1,10.245212,1.5155287,.65378743,10.418248,9.8488779,9.7299995,242.06,10.243974,1.2076948,.65413475,10.423374,9.8366213,9.4499998,251.83,10.240641,1.0447572,.65634859,10.413908,9.8234968,8.4700003,238.75,10.233874,1.2821853,.65870458,10.406519,9.806221,7.98,265.07001
1989,7,1,10.250706,.63371897,.65266919,10.422755,9.853548,9.0799999,234.42,10.245212,1.5155287,.65378743,10.418248,9.8488779,9.7299995,242.06,10.243974,1.2076948,.65413475,10.423374,9.8366213,9.4499998,251.83,10.240641,1.0447572,.65634859,10.413908,9.8234968,8.4700003,238.75
1989,10,1,10.258427,.85659456,.65399516,10.428531,9.8416653,8.6099997,226.82001,10.250706,.63371897,.65266919,10.422755,9.853548,9.0799999,234.42,10.245212,1.5155287,.65378743,10.418248,9.8488779,9.7299995,242.06,10.243974,1.2076948,.65413475,10.423374,9.8366213,9.4499998,251.83
1990,1,1,10.2541,1.5307915,.65395695,10.428926,9.8554049,8.25,229.92999,10.258427,.85659456,.65399516,10.428531,9.8416653,8.6099997,226.82001,10.250706,.63371897,.65266919,10.422755,9.853548,9.0799999,234.42,10.245212,1.5155287,.65378743,10.418248,9.8488779,9.7299995,242.06
1990,4,1,10.261243,.99012202,.65704095,10.432785,9.8490944,8.2399998,238.16,10.2541,1.5307915,.65395695,10.428926,9.8554049,8.25,229.92999,10.258427,.85659456,.65399516,10.428531,9.8416653,8.6099997,226.82001,10.250706,.63371897,.65266919,10.422755,9.853548,9.0799999,234.42
1990,7,1,10.265314,1.4033567,.65999377,10.430848,9.8376942,8.1599998,236.89,10.261243,.99012202,.65704095,10.432785,9.8490944,8.2399998,238.16,10.2541,1.5307915,.65395695,10.428926,9.8554049,8.25,229.92999,10.258427,.85659456,.65399516,10.428531,9.8416653,8.6099997,226.82001
1990,10,1,10.258239,1.4320579,.66244531,10.420195,9.8199654,7.7399998,239.17,10.265314,1.4033567,.65999377,10.430848,9.8376942,8.1599998,236.89,10.261243,.99012202,.65704095,10.432785,9.8490944,8.2399998,238.16,10.2541,1.5307915,.65395695,10.428926,9.8554049,8.25,229.92999
1991,1,1,10.25604,.44905299,.66570902,10.420177,9.805891,6.4299998,222.64,10.258239,1.4320579,.66244531,10.420195,9.8199654,7.7399998,239.17,10.265314,1.4033567,.65999377,10.430848,9.8376942,8.1599998,236.89,10.261243,.99012202,.65704095,10.432785,9.8490944,8.2399998,238.16
1991,4,1,10.262984,.55011314,.6667642,10.425065,9.8096724,5.8600001,218.47,10.25604,.44905299,.66570902,10.420177,9.805891,6.4299998,222.64,10.258239,1.4320579,.66244531,10.420195,9.8199654,7.7399998,239.17,10.265314,1.4033567,.65999377,10.430848,9.8376942,8.1599998,236.89
1991,7,1,10.264055,.70756102,.66737723,10.42625,9.8140383,5.6500001,208.44,10.262984,.55011314,.6667642,10.425065,9.8096724,5.8600001,218.47,10.25604,.44905299,.66570902,10.420177,9.805891,6.4299998,222.64,10.258239,1.4320579,.66244531,10.420195,9.8199654,7.7399998,239.17
1991,10,1,10.263715,.73094797,.66842842,10.431991,9.8186417,4.8200002,215.56,10.264055,.70756102,.66737723,10.42625,9.8140383,5.6500001,208.44,10.262984,.55011314,.6667642,10.425065,9.8096724,5.8600001,218.47,10.25604,.44905299,.66570902,10.420177,9.805891,6.4299998,222.64
1992,1,1,10.277461,.69181675,.66841245,10.451023,9.8215637,4.02,208.08,10.263715,.73094797,.66842842,10.431991,9.8186417,4.8200002,215.56,10.264055,.70756102,.66737723,10.42625,9.8140383,5.6500001,208.44,10.262984,.55011314,.6667642,10.425065,9.8096724,5.8600001,218.47
1992,4,1,10.282132,.7039507,.66688871,10.459186,9.8366375,3.77,209.77,10.277461,.69181675,.66841245,10.451023,9.8215637,4.02,208.08,10.263715,.73094797,.66842842,10.431991,9.8186417,4.8200002,215.56,10.264055,.70756102,.66737723,10.42625,9.8140383,5.6500001,208.44
1992,7,1,10.288946,.69506049,.66700411,10.460859,9.8439064,3.26,209.25999,10.282132,.7039507,.66688871,10.459186,9.8366375,3.77,209.77,10.277461,.69181675,.66841245,10.451023,9.8215637,4.02,208.08,10.263715,.73094797,.66842842,10.431991,9.8186417,4.8200002,215.56
1992,10,1,10.296664,.77444065,.66689301,10.461219,9.8495502,3.03,200.36,10.288946,.69506049,.66700411,10.460859,9.8439064,3.26,209.25999,10.282132,.7039507,.66688871,10.459186,9.8366375,3.77,209.77,10.277461,.69181675,.66841245,10.451023,9.8215637,4.02,208.08
1993,1,1,10.29719,.67584497,.66666269,10.464279,9.8470201,3.04,202.75999,10.296664,.77444065,.66689301,10.461219,9.8495502,3.03,200.36,10.288946,.69506049,.66700411,10.460859,9.8439064,3.26,209.25999,10.282132,.7039507,.66688871,10.459186,9.8366375,3.77,209.77
1993,4,1,10.300521,.7036311,.66386724,10.463731,9.8510895,3,212.49001,10.29719,.67584497,.66666269,10.464279,9.8470201,3.04,202.75999,10.296664,.77444065,.66689301,10.461219,9.8495502,3.03,200.36,10.288946,.69506049,.66700411,10.460859,9.8439064,3.26,209.25999
1993,7,1,10.308873,.42719063,.66323549,10.461684,9.8436508,3.0599999,207.12,10.300521,.7036311,.66386724,10.463731,9.8510895,3,212.49001,10.29719,.67584497,.66666269,10.464279,9.8470201,3.04,202.75999,10.296664,.77444065,.66689301,10.461219,9.8495502,3.03,200.36
1993,10,1,10.31272,.56272668,.66243899,10.465404,9.8644753,2.99,216.12,10.308873,.42719063,.66323549,10.461684,9.8436508,3.0599999,207.12,10.300521,.7036311,.66386724,10.463731,9.8510895,3,212.49001,10.29719,.67584497,.66666269,10.464279,9.8470201,3.04,202.75999
1994,1,1,10.319892,.3800908,.6619339,10.470018,9.872201,3.21,226.31,10.31272,.56272668,.66243899,10.465404,9.8644753,2.99,216.12,10.308873,.42719063,.66323549,10.461684,9.8436508,3.0599999,207.12,10.300521,.7036311,.66386724,10.463731,9.8510895,3,212.49001
1994,4,1,10.324945,.5519982,.65848672,10.47833,9.8933191,3.9400001,227.67,10.319892,.3800908,.6619339,10.470018,9.872201,3.21,226.31,10.31272,.56272668,.66243899,10.465404,9.8644753,2.99,216.12,10.308873,.42719063,.66323549,10.461684,9.8436508,3.0599999,207.12
1994,7,1,10.329527,.71527833,.65773761,10.481571,9.8943796,4.4899998,230.39,10.324945,.5519982,.65848672,10.47833,9.8933191,3.9400001,227.67,10.319892,.3800908,.6619339,10.470018,9.872201,3.21,226.31,10.31272,.56272668,.66243899,10.465404,9.8644753,2.99,216.12
1994,10,1,10.333813,.52381414,.65497327,10.49259,9.9093523,5.1700001,229.85001,10.329527,.71527833,.65773761,10.481571,9.8943796,4.4899998,230.39,10.324945,.5519982,.65848672,10.47833,9.8933191,3.9400001,227.67,10.319892,.3800908,.6619339,10.470018,9.872201,3.21,226.31
1995,1,1,10.338592,.48181385,.65505016,10.500656,9.9070683,5.8000002,236.64,10.333813,.52381414,.65497327,10.49259,9.9093523,5.1700001,229.85001,10.329527,.71527833,.65773761,10.481571,9.8943796,4.4899998,230.39,10.324945,.5519982,.65848672,10.47833,9.8933191,3.9400001,227.67
1995,4,1,10.345358,.65104765,.6581592,10.500844,9.9001446,6.02,232.94,10.338592,.48181385,.65505016,10.500656,9.9070683,5.8000002,236.64,10.333813,.52381414,.65497327,10.49259,9.9093523,5.1700001,229.85001,10.329527,.71527833,.65773761,10.481571,9.8943796,4.4899998,230.39
1995,7,1,10.349266,.49585938,.65639573,10.507166,9.9092741,5.8000002,233.38,10.345358,.65104765,.6581592,10.500844,9.9001446,6.02,232.94,10.338592,.48181385,.65505016,10.500656,9.9070683,5.8000002,236.64,10.333813,.52381414,.65497327,10.49259,9.9093523,5.1700001,229.85001
1995,10,1,10.35202,.53443891,.65708607,10.510188,9.9160614,5.7199998,241.73,10.349266,.49585938,.65639573,10.507166,9.9092741,5.8000002,233.38,10.345358,.65104765,.6581592,10.500844,9.9001446,6.02,232.94,10.338592,.48181385,.65505016,10.500656,9.9070683,5.8000002,236.64
1996,1,1,10.358964,.62694305,.65945649,10.517589,9.9165516,5.3699999,243.17999,10.35202,.53443891,.65708607,10.510188,9.9160614,5.7199998,241.73,10.349266,.49585938,.65639573,10.507166,9.9092741,5.8000002,233.38,10.345358,.65104765,.6581592,10.500844,9.9001446,6.02,232.94
1996,4,1,10.364097,.8640759,.65781814,10.52459,9.9462004,5.2399998,251.39999,10.358964,.62694305,.65945649,10.517589,9.9165516,5.3699999,243.17999,10.35202,.53443891,.65708607,10.510188,9.9160614,5.7199998,241.73,10.349266,.49585938,.65639573,10.507166,9.9092741,5.8000002,233.38
1996,7,1,10.367066,.53081048,.65622234,10.52968,9.9576893,5.3099999,248.66,10.364097,.8640759,.65781814,10.52459,9.9462004,5.2399998,251.39999,10.358964,.62694305,.65945649,10.517589,9.9165516,5.3699999,243.17999,10.35202,.53443891,.65708607,10.510188,9.9160614,5.7199998,241.73
1996,10,1,10.370131,.84263504,.65468842,10.531866,9.9718142,5.2800002,245.63,10.367066,.53081048,.65622234,10.52968,9.9576893,5.3099999,248.66,10.364097,.8640759,.65781814,10.52459,9.9462004,5.2399998,251.39999,10.358964,.62694305,.65945649,10.517589,9.9165516,5.3699999,243.17999
1997,1,1,10.373624,.55679947,.65308845,10.537202,9.9739361,5.2800002,239.61,10.370131,.84263504,.65468842,10.531866,9.9718142,5.2800002,245.63,10.367066,.53081048,.65622234,10.52968,9.9576893,5.3099999,248.66,10.364097,.8640759,.65781814,10.52459,9.9462004,5.2399998,251.39999
1997,4,1,10.377217,.41678002,.65186638,10.543546,10.000328,5.52,245.17,10.373624,.55679947,.65308845,10.537202,9.9739361,5.2800002,239.61,10.370131,.84263504,.65468842,10.531866,9.9718142,5.2800002,245.63,10.367066,.53081048,.65622234,10.52968,9.9576893,5.3099999,248.66
1997,7,1,10.387588,.39955321,.65034389,10.552761,10.00987,5.5300002,239.42,10.377217,.41678002,.65186638,10.543546,10.000328,5.52,245.17,10.373624,.55679947,.65308845,10.537202,9.9739361,5.2800002,239.61,10.370131,.84263504,.65468842,10.531866,9.9718142,5.2800002,245.63
1997,10,1,10.394635,.43428871,.65033019,10.564205,10.011727,5.5100002,243.06,10.387588,.39955321,.65034389,10.552761,10.00987,5.5300002,239.42,10.377217,.41678002,.65186638,10.543546,10.000328,5.52,245.17,10.373624,.55679947,.65308845,10.537202,9.9739361,5.2800002,239.61
1998,1,1,10.402994,.10158622,.65026355,10.583027,10.018195,5.52,229.14,10.394635,.43428871,.65033019,10.564205,10.011727,5.5100002,243.06,10.387588,.39955321,.65034389,10.552761,10.00987,5.5300002,239.42,10.377217,.41678002,.65186638,10.543546,10.000328,5.52,245.17
1998,4,1,10.413253,.31558493,.65047848,10.594412,10.020784,5.5,228.89,10.402994,.10158622,.65026355,10.583027,10.018195,5.52,229.14,10.394635,.43428871,.65033019,10.564205,10.011727,5.5100002,243.06,10.387588,.39955321,.65034389,10.552761,10.00987,5.5300002,239.42
1998,7,1,10.421264,.46167925,.65198064,10.601742,10.034168,5.5300002,214.63,10.413253,.31558493,.65047848,10.594412,10.020784,5.5,228.89,10.402994,.10158622,.65026355,10.583027,10.018195,5.52,229.14,10.394635,.43428871,.65033019,10.564205,10.011727,5.5100002,243.06
1998,10,1,10.42618,.41352722,.64775246,10.606842,10.059671,4.8600001,203.3,10.421264,.46167925,.65198064,10.601742,10.034168,5.5300002,214.63,10.413253,.31558493,.65047848,10.594412,10.020784,5.5,228.89,10.402994,.10158622,.65026355,10.583027,10.018195,5.52,229.14
1999,1,1,10.432961,.43856156,.64780676,10.611992,10.060101,4.73,191.22,10.42618,.41352722,.64775246,10.606842,10.059671,4.8600001,203.3,10.421264,.46167925,.65198064,10.601742,10.034168,5.5300002,214.63,10.413253,.31558493,.65047848,10.594412,10.020784,5.5,228.89
1999,4,1,10.439996,.69250333,.6481505,10.61178,10.06344,4.75,191.83,10.432961,.43856156,.64780676,10.611992,10.060101,4.73,191.22,10.42618,.41352722,.64775246,10.606842,10.059671,4.8600001,203.3,10.421264,.46167925,.65198064,10.601742,10.034168,5.5300002,214.63
1999,7,1,10.446452,.67316896,.64777589,10.615507,10.077508,5.0999999,191.53999,10.439996,.69250333,.6481505,10.61178,10.06344,4.75,191.83,10.432961,.43856156,.64780676,10.611992,10.060101,4.73,191.22,10.42618,.41352722,.64775246,10.606842,10.059671,4.8600001,203.3
1999,10,1,10.458468,.78416359,.64701408,10.627159,10.094986,5.3000002,205.19,10.446452,.67316896,.64777589,10.615507,10.077508,5.0999999,191.53999,10.439996,.69250333,.6481505,10.61178,10.06344,4.75,191.83,10.432961,.43856156,.64780676,10.611992,10.060101,4.73,191.22
2000,1,1,10.45374,1.0089468,.64694774,10.63274,10.074826,5.6799998,205.14,10.458468,.78416359,.64701408,10.627159,10.094986,5.3000002,205.19,10.446452,.67316896,.64777589,10.615507,10.077508,5.0999999,191.53999,10.439996,.69250333,.6481505,10.61178,10.06344,4.75,191.83
2000,4,1,10.464573,.56966102,.64829397,10.639962,10.097389,6.27,214.37,10.45374,1.0089468,.64694774,10.63274,10.074826,5.6799998,205.14,10.458468,.78416359,.64701408,10.627159,10.094986,5.3000002,205.19,10.446452,.67316896,.64777589,10.615507,10.077508,5.0999999,191.53999
2000,7,1,10.46998,.80967295,.65055865,10.648396,10.084641,6.52,223.92999,10.464573,.56966102,.64829397,10.639962,10.097389,6.27,214.37,10.45374,1.0089468,.64694774,10.63274,10.074826,5.6799998,205.14,10.458468,.78416359,.64701408,10.627159,10.094986,5.3000002,205.19
2000,10,1,10.476087,.67874587,.651227,10.648762,10.082216,6.4699998,226.57001,10.46998,.80967295,.65055865,10.648396,10.084641,6.52,223.92999,10.464573,.56966102,.64829397,10.639962,10.097389,6.27,214.37,10.45374,1.0089468,.64694774,10.63274,10.074826,5.6799998,205.14
2001,1,1,10.475979,.83019871,.65318662,10.654718,10.068974,5.5999999,227.83,10.476087,.67874587,.651227,10.648762,10.082216,6.4699998,226.57001,10.46998,.80967295,.65055865,10.648396,10.084641,6.52,223.92999,10.464573,.56966102,.64829397,10.639962,10.097389,6.27,214.37
2001,4,1,10.476033,.66197866,.6571365,10.650875,10.0747,4.3299999,210.25999,10.475979,.83019871,.65318662,10.654718,10.068974,5.5999999,227.83,10.476087,.67874587,.651227,10.648762,10.082216,6.4699998,226.57001,10.46998,.80967295,.65055865,10.648396,10.084641,6.52,223.92999
2001,7,1,10.475303,.19044611,.65990663,10.671053,10.05988,3.5,205.56,10.476033,.66197866,.6571365,10.650875,10.0747,4.3299999,210.25999,10.475979,.83019871,.65318662,10.654718,10.068974,5.5999999,227.83,10.476087,.67874587,.651227,10.648762,10.082216,6.4699998,226.57001
2001,10,1,10.477229,.15207881,.66333282,10.655411,10.055879,2.1300001,190.49001,10.475303,.19044611,.65990663,10.671053,10.05988,3.5,205.56,10.476033,.66197866,.6571365,10.650875,10.0747,4.3299999,210.25999,10.475979,.83019871,.65318662,10.654718,10.068974,5.5999999,227.83
2002,1,1,10.480163,.34288919,.66430342,10.676893,10.068077,1.73,190.61,10.477229,.15207881,.66333282,10.655411,10.055879,2.1300001,190.49001,10.475303,.19044611,.65990663,10.671053,10.05988,3.5,205.56,10.476033,.66197866,.6571365,10.650875,10.0747,4.3299999,210.25999
2002,4,1,10.482098,.9578107,.66287041,10.679461,10.072716,1.75,204.92,10.480163,.34288919,.66430342,10.676893,10.068077,1.73,190.61,10.477229,.15207881,.66333282,10.655411,10.055879,2.1300001,190.49001,10.475303,.19044611,.65990663,10.671053,10.05988,3.5,205.56
2002,7,1,10.482617,.65418613,.66355419,10.675125,10.076451,1.74,209.28999,10.482098,.9578107,.66287041,10.679461,10.072716,1.75,204.92,10.480163,.34288919,.66430342,10.676893,10.068077,1.73,190.61,10.477229,.15207881,.66333282,10.655411,10.055879,2.1300001,190.49001
2002,10,1,10.487765,.63182366,.66536659,10.676826,10.062469,1.4400001,226.53,10.482617,.65418613,.66355419,10.675125,10.076451,1.74,209.28999,10.482098,.9578107,.66287041,10.679461,10.072716,1.75,204.92,10.480163,.34288919,.66430342,10.676893,10.068077,1.73,190.61
2003,1,1,10.485134,1.003884,.66672111,10.672469,10.061501,1.25,234.52,10.487765,.63182366,.66536659,10.676826,10.062469,1.4400001,226.53,10.482617,.65418613,.66355419,10.675125,10.076451,1.74,209.28999,10.482098,.9578107,.66287041,10.679461,10.072716,1.75,204.92
2003,4,1,10.488098,.2637957,.66779411,10.683825,10.072673,1.25,232.14999,10.485134,1.003884,.66672111,10.672469,10.061501,1.25,234.52,10.487765,.63182366,.66536659,10.676826,10.062469,1.4400001,226.53,10.482617,.65418613,.66355419,10.675125,10.076451,1.74,209.28999
2003,7,1,10.494956,.85698462,.66930056,10.696738,10.095573,1.02,233.78,10.488098,.2637957,.66779411,10.683825,10.072673,1.25,232.14999,10.485134,1.003884,.66672111,10.672469,10.061501,1.25,234.52,10.487765,.63182366,.66536659,10.676826,10.062469,1.4400001,226.53
2003,10,1,10.498504,.60393465,.66816211,10.697335,10.110634,1,243.66,10.494956,.85698462,.66930056,10.696738,10.095573,1.02,233.78,10.488098,.2637957,.66779411,10.683825,10.072673,1.25,232.14999,10.485134,1.003884,.66672111,10.672469,10.061501,1.25,234.52
2004,1,1,10.506833,.88563025,.66687238,10.70424,10.111637,1,255.28999,10.498504,.60393465,.66816211,10.697335,10.110634,1,243.66,10.494956,.85698462,.66930056,10.696738,10.095573,1.02,233.78,10.488098,.2637957,.66779411,10.683825,10.072673,1.25,232.14999
2004,4,1,10.51008,.81651926,.66860229,10.711275,10.118074,1.01,283.76999,10.506833,.88563025,.66687238,10.70424,10.111637,1,255.28999,10.498504,.60393465,.66816211,10.697335,10.110634,1,243.66,10.494956,.85698462,.66930056,10.696738,10.095573,1.02,233.78
2004,7,1,10.514979,.7790184,.66763794,10.713354,10.125411,1.4299999,265.94,10.51008,.81651926,.66860229,10.711275,10.118074,1.01,283.76999,10.506833,.88563025,.66687238,10.70424,10.111637,1,255.28999,10.498504,.60393465,.66816211,10.697335,10.110634,1,243.66
2004,10,1,10.521341,.88207364,.66768348,10.722484,10.129171,1.95,284.98001,10.514979,.7790184,.66763794,10.713354,10.125411,1.4299999,265.94,10.51008,.81651926,.66860229,10.711275,10.118074,1.01,283.76999,10.506833,.88563025,.66687238,10.70424,10.111637,1,255.28999
2005,1,1,10.525752,.62396955,.66849619,10.710043,10.142076,2.47,283.89999,10.521341,.88207364,.66768348,10.722484,10.129171,1.95,284.98001,10.514979,.7790184,.66763794,10.713354,10.125411,1.4299999,265.94,10.51008,.81651926,.66860229,10.711275,10.118074,1.01,283.76999
2005,4,1,10.531182,.77927858,.66610861,10.715104,10.139977,2.9400001,313.57001,10.525752,.62396955,.66849619,10.710043,10.142076,2.47,283.89999,10.521341,.88207364,.66768348,10.722484,10.129171,1.95,284.98001,10.514979,.7790184,.66763794,10.713354,10.125411,1.4299999,265.94
2005,7,1,10.535102,1.3572907,.66606361,10.716908,10.146712,3.46,306.91,10.531182,.77927858,.66610861,10.715104,10.139977,2.9400001,313.57001,10.525752,.62396955,.66849619,10.710043,10.142076,2.47,283.89999,10.521341,.88207364,.66768348,10.722484,10.129171,1.95,284.98001
2005,10,1,10.539853,.92739046,.66540933,10.721715,10.145353,3.98,333.32999,10.535102,1.3572907,.66606361,10.716908,10.146712,3.46,306.91,10.531182,.77927858,.66610861,10.715104,10.139977,2.9400001,313.57001,10.525752,.62396955,.66849619,10.710043,10.142076,2.47,283.89999
2006,1,1,10.544362,.5869652,.66422558,10.741809,10.162078,4.4499998,347.89001,10.539853,.92739046,.66540933,10.721715,10.145353,3.98,333.32999,10.535102,1.3572907,.66606361,10.716908,10.146712,3.46,306.91,10.531182,.77927858,.66610861,10.715104,10.139977,2.9400001,313.57001
2006,4,1,10.547666,.93905896,.66384053,10.740375,10.157342,4.9099998,361.91,10.544362,.5869652,.66422558,10.741809,10.162078,4.4499998,347.89001,10.539853,.92739046,.66540933,10.721715,10.145353,3.98,333.32999,10.535102,1.3572907,.66606361,10.716908,10.146712,3.46,306.91
2006,7,1,10.54915,.87414461,.66281158,10.74002,10.149401,5.25,385.63,10.547666,.93905896,.66384053,10.740375,10.157342,4.9099998,361.91,10.544362,.5869652,.66422558,10.741809,10.162078,4.4499998,347.89001,10.539853,.92739046,.66540933,10.721715,10.145353,3.98,333.32999
2006,10,1,10.555647,-.1048936,.66203302,10.749846,10.151205,5.2399998,370.10001,10.54915,.87414461,.66281158,10.74002,10.149401,5.25,385.63,10.547666,.93905896,.66384053,10.740375,10.157342,4.9099998,361.91,10.544362,.5869652,.66422558,10.741809,10.162078,4.4499998,347.89001
2007,1,1,10.555948,1.1288582,.6628443,10.75229,10.142043,5.25,394.89001,10.555647,-.1048936,.66203302,10.749846,10.151205,5.2399998,370.10001,10.54915,.87414461,.66281158,10.74002,10.149401,5.25,385.63,10.547666,.93905896,.66384053,10.740375,10.157342,4.9099998,361.91
2007,4,1,10.555041,.96282864,.66421247,10.751434,10.15551,5.25,407.45001,10.555948,1.1288582,.6628443,10.75229,10.142043,5.25,394.89001,10.555647,-.1048936,.66203302,10.749846,10.151205,5.2399998,370.10001,10.54915,.87414461,.66281158,10.74002,10.149401,5.25,385.63
2007,7,1,10.555449,.73254555,.66571355,10.750917,10.16376,5.0700002,410.35999,10.555041,.96282864,.66421247,10.751434,10.15551,5.25,407.45001,10.555948,1.1288582,.6628443,10.75229,10.142043,5.25,394.89001,10.555647,-.1048936,.66203302,10.749846,10.151205,5.2399998,370.10001
2007,10,1,10.553267,1.1867869,.66650856,10.748631,10.16806,4.5,447.56,10.555449,.73254555,.66571355,10.750917,10.16376,5.0700002,410.35999,10.555041,.96282864,.66421247,10.751434,10.15551,5.25,407.45001,10.555948,1.1288582,.6628443,10.75229,10.142043,5.25,394.89001
2008,1,1,10.555467,.99877357,.66661978,10.756382,10.149156,3.1800001,476.07999,10.553267,1.1867869,.66650856,10.748631,10.16806,4.5,447.56,10.555449,.73254555,.66571355,10.750917,10.16376,5.0700002,410.35999,10.555041,.96282864,.66421247,10.751434,10.15551,5.25,407.45001
2008,4,1,10.555181,1.276336,.66830683,10.774665,10.155487,2.0799999,516.38,10.555467,.99877357,.66661978,10.756382,10.149156,3.1800001,476.07999,10.553267,1.1867869,.66650856,10.748631,10.16806,4.5,447.56,10.555449,.73254555,.66571355,10.750917,10.16376,5.0700002,410.35999
2008,7,1,10.548043,1.1606784,.67181635,10.748409,10.1467,1.9400001,595.97998,10.555181,1.276336,.66830683,10.774665,10.155487,2.0799999,516.38,10.555467,.99877357,.66661978,10.756382,10.149156,3.1800001,476.07999,10.553267,1.1867869,.66650856,10.748631,10.16806,4.5,447.56
2008,10,1,10.540351,-1.533833,.6768955,10.751761,10.096795,.50999999,452.42001,10.548043,1.1606784,.67181635,10.748409,10.1467,1.9400001,595.97998,10.555181,1.276336,.66830683,10.774665,10.155487,2.0799999,516.38,10.555467,.99877357,.66661978,10.756382,10.149156,3.1800001,476.07999
2009,1,1,10.535886,-.57038903,.68485171,10.749497,10.066904,.18000001,363.06,10.540351,-1.533833,.6768955,10.751761,10.096795,.50999999,452.42001,10.548043,1.1606784,.67181635,10.748409,10.1467,1.9400001,595.97998,10.555181,1.276336,.66830683,10.774665,10.155487,2.0799999,516.38
2009,4,1,10.52917,.51592785,.68979561,10.754266,10.068068,.18000001,368.82999,10.535886,-.57038903,.68485171,10.749497,10.066904,.18000001,363.06,10.540351,-1.533833,.6768955,10.751761,10.096795,.50999999,452.42001,10.548043,1.1606784,.67181635,10.748409,10.1467,1.9400001,595.97998
2009,7,1,10.527764,.78026038,.69384676,10.740542,10.071774,.15000001,398.76001,10.52917,.51592785,.68979561,10.754266,10.068068,.18000001,368.82999,10.535886,-.57038903,.68485171,10.749497,10.066904,.18000001,363.06,10.540351,-1.533833,.6768955,10.751761,10.096795,.50999999,452.42001
2009,10,1,10.527038,.71549141,.69471627,10.736489,10.090593,.12,430.67001,10.527764,.78026038,.69384676,10.740542,10.071774,.15000001,398.76001,10.52917,.51592785,.68979561,10.754266,10.068068,.18000001,368.82999,10.535886,-.57038903,.68485171,10.749497,10.066904,.18000001,363.06
2010,1,1,10.530397,.42552882,.69386292,10.736414,10.093633,.13,484.42001,10.527038,.71549141,.69471627,10.736489,10.090593,.12,430.67001,10.527764,.78026038,.69384676,10.740542,10.071774,.15000001,398.76001,10.52917,.51592785,.68979561,10.754266,10.068068,.18000001,368.82999
2010,4,1,10.533893,.19451523,.69163918,10.747187,10.10721,.19,467.25,10.530397,.42552882,.69386292,10.736414,10.093633,.13,484.42001,10.527038,.71549141,.69471627,10.736489,10.090593,.12,430.67001,10.527764,.78026038,.69384676,10.740542,10.071774,.15000001,398.76001
2010,7,1,10.536692,.40436181,.69081521,10.74964,10.113583,.19,471.37,10.533893,.19451523,.69163918,10.747187,10.10721,.19,467.25,10.530397,.42552882,.69386292,10.736414,10.093633,.13,484.42001,10.527038,.71549141,.69471627,10.736489,10.090593,.12,430.67001
2010,10,1,10.541929,.65372425,.6914683,10.754044,10.11502,.19,536.12,10.536692,.40436181,.69081521,10.74964,10.113583,.19,471.37,10.533893,.19451523,.69163918,10.747187,10.10721,.19,467.25,10.530397,.42552882,.69386292,10.736414,10.093633,.13,484.42001
2011,1,1,10.545424,.85251683,.69182146,10.765611,10.098243,.15000001,629.53003,10.541929,.65372425,.6914683,10.754044,10.11502,.19,536.12,10.536692,.40436181,.69081521,10.74964,10.113583,.19,471.37,10.533893,.19451523,.69163918,10.747187,10.10721,.19,467.25
2011,4,1,10.546539,1.0740449,.69143188,10.762104,10.110072,.090000004,672.81,10.545424,.85251683,.69182146,10.765611,10.098243,.15000001,629.53003,10.541929,.65372425,.6914683,10.754044,10.11502,.19,536.12,10.536692,.40436181,.69081521,10.74964,10.113583,.19,471.37
2011,7,1,10.547678,.61016709,.6910947,10.765077,10.107769,.079999998,632.22998,10.546539,1.0740449,.69143188,10.762104,10.110072,.090000004,672.81,10.545424,.85251683,.69182146,10.765611,10.098243,.15000001,629.53003,10.541929,.65372425,.6914683,10.754044,10.11502,.19,536.12
2011,10,1,10.545756,.45108232,.68966019,10.763352,10.13315,.07,571.38,10.547678,.61016709,.6910947,10.765077,10.107769,.079999998,632.22998,10.546539,1.0740449,.69143188,10.762104,10.110072,.090000004,672.81,10.545424,.85251683,.69182146,10.765611,10.098243,.15000001,629.53003
2012,1,1,10.540923,.67365444,.68911159,10.771268,10.136186,.1,563,10.545756,.45108232,.68966019,10.763352,10.13315,.07,571.38,10.547678,.61016709,.6910947,10.765077,10.107769,.079999998,632.22998,10.546539,1.0740449,.69143188,10.762104,10.110072,.090000004,672.81
2012,4,1,10.539813,.39469686,.68999231,10.776745,10.143985,.15000001,572.94,10.540923,.67365444,.68911159,10.771268,10.136186,.1,563,10.545756,.45108232,.68966019,10.763352,10.13315,.07,571.38,10.547678,.61016709,.6910947,10.765077,10.107769,.079999998,632.22998
2012,7,1,10.538337,.43750525,.68995273,10.773787,10.143062,.14,539.65997,10.539813,.39469686,.68999231,10.776745,10.143985,.15000001,572.94,10.540923,.67365444,.68911159,10.771268,10.136186,.1,563,10.545756,.45108232,.68966019,10.763352,10.13315,.07,571.38
2012,10,1,10.53665,.64672464,.68853188,10.797217,10.139958,.16,580.23999,10.538337,.43750525,.68995273,10.773787,10.143062,.14,539.65997,10.539813,.39469686,.68999231,10.776745,10.143985,.15000001,572.94,10.540923,.67365444,.68911159,10.771268,10.136186,.1,563
2013,1,1,10.538247,.42088741,.68910831,10.751297,10.14263,.14,554.62,10.53665,.64672464,.68853188,10.797217,10.139958,.16,580.23999,10.538337,.43750525,.68995273,10.773787,10.143062,.14,539.65997,10.539813,.39469686,.68999231,10.776745,10.143985,.15000001,572.94
2013,4,1,10.539263,.18547252,.68980432,10.755684,10.142619,.12,551.89001,10.538247,.42088741,.68910831,10.751297,10.14263,.14,554.62,10.53665,.64672464,.68853188,10.797217,10.139958,.16,580.23999,10.538337,.43750525,.68995273,10.773787,10.143062,.14,539.65997
2013,7,1,10.540567,.54380584,.68916184,10.758693,10.152859,.090000004,500.38,10.539263,.18547252,.68980432,10.755684,10.142619,.12,551.89001,10.538247,.42088741,.68910831,10.751297,10.14263,.14,554.62,10.53665,.64672464,.68853188,10.797217,10.139958,.16,580.23999
2013,10,1,10.546535,.46516779,.69026971,10.757652,10.161198,.090000004,517.58002,10.540567,.54380584,.68916184,10.758693,10.152859,.090000004,500.38,10.539263,.18547252,.68980432,10.755684,10.142619,.12,551.89001,10.538247,.42088741,.68910831,10.751297,10.14263,.14,554.62
2014,1,1,10.547227,.52173883,.68788183,10.765261,10.14917,.07,508.06,10.546535,.46516779,.69026971,10.757652,10.161198,.090000004,517.58002,10.540567,.54380584,.68916184,10.758693,10.152859,.090000004,500.38,10.539263,.18547252,.68980432,10.755684,10.142619,.12,551.89001
2014,4,1,10.551682,.64282787,.68754435,10.770397,10.164857,.090000004,560.41998,10.547227,.52173883,.68788183,10.765261,10.14917,.07,508.06,10.546535,.46516779,.69026971,10.757652,10.161198,.090000004,517.58002,10.540567,.54380584,.68916184,10.758693,10.152859,.090000004,500.38
2014,7,1,10.556541,.40152416,.68674636,10.774575,10.177511,.090000004,544.73999,10.551682,.64282787,.68754435,10.770397,10.164857,.090000004,560.41998,10.547227,.52173883,.68788183,10.765261,10.14917,.07,508.06,10.546535,.46516779,.69026971,10.757652,10.161198,.090000004,517.58002
2014,10,1,10.563998,-.019695314,.68508923,10.783486,10.173151,.1,489.22,10.556541,.40152416,.68674636,10.774575,10.177511,.090000004,544.73999,10.551682,.64282787,.68754435,10.770397,10.164857,.090000004,560.41998,10.547227,.52173883,.68788183,10.765261,10.14917,.07,508.06
2015,1,1,10.564019,-.46635363,.68473029,10.788865,10.166562,.11,447.41,10.563998,-.019695314,.68508923,10.783486,10.173151,.1,489.22,10.556541,.40152416,.68674636,10.774575,10.177511,.090000004,544.73999,10.551682,.64282787,.68754435,10.770397,10.164857,.090000004,560.41998
2015,4,1,10.569311,.61763132,.68564481,10.789643,10.177025,.13,417.17999,10.564019,-.46635363,.68473029,10.788865,10.166562,.11,447.41,10.563998,-.019695314,.68508923,10.783486,10.173151,.1,489.22,10.556541,.40152416,.68674636,10.774575,10.177511,.090000004,544.73999
